{"version": 2, "width": 80, "height": 25, "timestamp": 1580621550, "env": {"SHELL": "/bin/bash", "TERM": "xterm-256color"}}
[0.000000, "o", "\u001b[01;34m$\u001b[00m "]
[0.100000, "o", "p"]
[0.200000, "o", "y"]
[0.300000, "o", "t"]
[0.400000, "o", "h"]
[0.600000, "o", "o"]
[0.700000, "o", "n"]
[0.800000, "o", "\r\n"]
[0.800001, "o", ">>> "]
[0.900000, "o", "f"]
[1.000000, "o", "r"]
[1.100000, "o", "o"]
[1.200000, "o", "m"]
[1.300000, "o", " "]
[1.400000, "o", "t"]
[1.500000, "o", "e"]
[1.600000, "o", "x"]
[1.700000, "o", "t"]
[1.800000, "o", "r"]
[1.900000, "o", "e"]
[2.000000, "o", "e"]
[2.100000, "o", " "]
[2.200000, "o", "i"]
[2.300000, "o", "m"]
[2.400000, "o", "p"]
[2.500000, "o", "o"]
[2.600000, "o", "r"]
[2.700000, "o", "t"]
[2.800000, "o", " "]
[2.900000, "o", "T"]
[3.000000, "o", "e"]
[3.100000, "o", "x"]
[3.200000, "o", "T"]
[3.300000, "o", "r"]
[3.400000, "o", "e"]
[3.500000, "o", "e"]
[3.600000, "o", "\r\n"]
[3.600001, "o", ">>> "]
[3.800000, "o", "t"]
[3.900000, "o", "r"]
[4.000000, "o", "e"]
[4.100000, "o", "e"]
[4.200000, "o", "_"]
[4.300000, "o", "t"]
[4.400000, "o", "e"]
[4.500000, "o", "x"]
[4.600000, "o", "t"]
[4.700000, "o", " "]
[4.800000, "o", "="]
[4.900000, "o", " "]
[5.000000, "o", "\""]
[5.100000, "o", "\""]
[5.200000, "o", "\""]
[5.300000, "o", "\r\n"]
[5.300001, "o", "... "]
[5.400000, "o", "A"]
[5.500000, "o", "\r\n"]
[5.600000, "o", "...     "]
[5.700000, "o", "A"]
[5.800000, "o", "1"]
[5.900000, "o", "\r\n"]
[6.000000, "o", "...         "]
[6.100000, "o", "A"]
[6.200000, "o", "1"]
[6.300000, "o", "1"]
[6.400000, "o", "\r\n"]
[6.500000, "o", "...              "]
[6.600000, "o", "A"]
[6.700000, "o", "1"]
[6.800000, "o", "1"]
[6.900000, "o", "1"]
[7.000000, "o", "\r\n"]
[7.000001, "o", "...              "]
[7.100000, "o", "A"]
[7.200000, "o", "1"]
[7.300000, "o", "1"]
[7.400000, "o", "2"]
[7.500000, "o", "\r\n"]
[7.500001, "o", "...     "]
[7.600000, "o", "A"]
[7.700000, "o", "2"]
[7.800000, "o", "\r\n"]
[7.800001, "o", "... "]
[7.900000, "o", "B"]
[8.000000, "o", "\r\n"]
[8.000001, "o", "... "]
[8.100000, "o", "\""]
[8.200000, "o", "\""]
[8.300000, "o", "\""]
[8.400000, "o", "\r\n"]
[8.400001, "o", ">>> "]
[8.500000, "o", "t"]
[8.600000, "o", "r"]
[8.700000, "o", "e"]
[8.800000, "o", "e"]
[8.900000, "o", " "]
[9.000000, "o", "="]
[9.100000, "o", " "]
[9.200000, "o", "T"]
[9.300000, "o", "e"]
[9.400000, "o", "x"]
[9.500000, "o", "T"]
[9.600000, "o", "r"]
[9.700000, "o", "e"]
[9.800000, "o", "e"]
[9.900000, "o", "("]
[10.000000, "o", ")"]
[10.100000, "o", "\r\n"]
[10.100001, "o", ">>> "]
[10.200000, "o", "r"]
[10.300000, "o", "o"]
[10.400000, "o", "o"]
[10.500000, "o", "t"]
[10.600000, "o", " "]
[10.700000, "o", "="]
[10.800000, "o", " "]
[10.900000, "o", "t"]
[11.000000, "o", "r"]
[11.100000, "o", "e"]
[11.200000, "o", "e"]
[11.300000, "o", "."]
[11.400000, "o", "t"]
[11.500000, "o", "o"]
[11.600000, "o", "_"]
[11.700000, "o", "n"]
[11.800000, "o", "o"]
[11.900000, "o", "d"]
[12.000000, "o", "e"]
[12.000000, "o", "("]
[12.000000, "o", "t"]
[12.000000, "o", "r"]
[12.000000, "o", "e"]
[12.000000, "o", "e"]
[12.000000, "o", "_"]
[12.000000, "o", "t"]
[12.000000, "o", "e"]
[12.000000, "o", "x"]
[12.000000, "o", "t"]
[12.000000, "o", ")"]
[12.000000, "o", "\r\n"]
[12.000001, "o", ">>> "]
[12.100000, "o", "p"]
[12.200000, "o", "r"]
[12.300000, "o", "i"]
[12.400000, "o", "n"]
[12.500000, "o", "t"]
[12.600000, "o", "("]
[12.700000, "o", "r"]
[12.800000, "o", "o"]
[12.900000, "o", "o"]
[13.000000, "o", "t"]
[13.100000, "o", ","]
[13.200000, "o", " "]
[13.300000, "o", "r"]
[13.400000, "o", "o"]
[13.500000, "o", "o"]
[13.600000, "o", "t"]
[13.700000, "o", "."]
[13.800000, "o", "N"]
[13.900000, "o", "a"]
[14.000000, "o", "m"]
[14.100000, "o", "e"]
[14.200000, "o", ")"]
[14.300000, "o", "\r\n"]
[14.400000, "o", "f"]
[14.500000, "o", "o"]
[14.600000, "o", "r"]
[14.700000, "o", " "]
[14.800000, "o", "n"]
[14.900000, "o", "o"]
[15.000000, "o", "d"]
[15.100000, "o", "e"]
[15.200000, "o", " "]
[15.300000, "o", "i"]
[15.400000, "o", "n"]
[15.500000, "o", " "]
[15.600000, "o", "t"]
[15.700000, "o", "r"]
[15.800000, "o", "e"]
[15.900000, "o", "e"]
[16.000000, "o", "."]
[16.100000, "o", "N"]
[16.200000, "o", "o"]
[16.300000, "o", "d"]
[16.400000, "o", "e"]
[16.500000, "o", "s"]
[16.600000, "o", ":"]
[16.700000, "o", "\r\n"]
[16.800000, "o", "...     "]
[16.900000, "o", "p"]
[17.000000, "o", "r"]
[17.100000, "o", "i"]
[17.200000, "o", "n"]
[17.300000, "o", "t"]
[17.400000, "o", "("]
[17.500000, "o", "n"]
[17.600000, "o", "o"]
[17.700000, "o", "d"]
[17.800000, "o", "e"]
[17.900000, "o", "."]
[18.000000, "o", "N"]
[18.100000, "o", "a"]
[18.200000, "o", "m"]
[18.300000, "o", "e"]
[18.400000, "o", ")"]
[18.500000, "o", "\r\n"]
[18.600000, "o", "... "]
[18.600001, "o", "\r\nA\r\nA1\r\nA11\r\nA111\r\nA112\r\nA2\r\nB\r\n>>> "]
[25.000000, "o", ""]

